ip	provenance	run_dcp	generated_dcp	run_sha256	generated_sha256	match	generated_mtime
system_processing_system7_0_0	MANAGED_OOC_RUN_AND_BD_EXPORT	D:/FPGA_Learn/laser_tx/laser_tx.runs/system_processing_system7_0_0_synth_1/system_processing_system7_0_0.dcp	D:/FPGA_Learn/laser_tx/laser_tx.gen/sources_1/bd/system/ip/system_processing_system7_0_0/system_processing_system7_0_0.dcp	1594FDA09D2EADB8A80623F4B569DEA10593FA1485EAA6EA91869CE9B6C0B2E3	1594FDA09D2EADB8A80623F4B569DEA10593FA1485EAA6EA91869CE9B6C0B2E3	1	1784202086
system_axi_bram_ctrl_0_0	MANAGED_OOC_RUN_AND_BD_EXPORT	D:/FPGA_Learn/laser_tx/laser_tx.runs/system_axi_bram_ctrl_0_0_synth_1/system_axi_bram_ctrl_0_0.dcp	D:/FPGA_Learn/laser_tx/laser_tx.gen/sources_1/bd/system/ip/system_axi_bram_ctrl_0_0/system_axi_bram_ctrl_0_0.dcp	FAD48D340FC242F89ABC61179EC2CC8742339F47581DF893FD3C59228A3741C5	FAD48D340FC242F89ABC61179EC2CC8742339F47581DF893FD3C59228A3741C5	1	1784202088
system_blk_mem_gen_0_0	MANAGED_OOC_RUN_AND_BD_EXPORT	D:/FPGA_Learn/laser_tx/laser_tx.runs/system_blk_mem_gen_0_0_synth_1/system_blk_mem_gen_0_0.dcp	D:/FPGA_Learn/laser_tx/laser_tx.gen/sources_1/bd/system/ip/system_blk_mem_gen_0_0/system_blk_mem_gen_0_0.dcp	35A6C7D69DED2A2294C905C806418AB3511BF5222946882C1578F75D016D56E3	35A6C7D69DED2A2294C905C806418AB3511BF5222946882C1578F75D016D56E3	1	1784202110
system_axi_gpio_0_0	MANAGED_OOC_RUN_AND_BD_EXPORT	D:/FPGA_Learn/laser_tx/laser_tx.runs/system_axi_gpio_0_0_synth_1/system_axi_gpio_0_0.dcp	D:/FPGA_Learn/laser_tx/laser_tx.gen/sources_1/bd/system/ip/system_axi_gpio_0_0/system_axi_gpio_0_0.dcp	7B11A96F41486E74D4BB5AE12A7F4BE74D8A10E766F8AF1B4E02B552F5DA26D5	7B11A96F41486E74D4BB5AE12A7F4BE74D8A10E766F8AF1B4E02B552F5DA26D5	1	1784202086
system_axi_smc_0	MANAGED_OOC_RUN_AND_BD_EXPORT	D:/FPGA_Learn/laser_tx/laser_tx.runs/system_axi_smc_0_synth_1/system_axi_smc_0.dcp	D:/FPGA_Learn/laser_tx/laser_tx.gen/sources_1/bd/system/ip/system_axi_smc_0/system_axi_smc_0.dcp	34B954F6BD88F3890843DAF708C0757C82FD1FB2541AFF20EF1C609192CE4D11	34B954F6BD88F3890843DAF708C0757C82FD1FB2541AFF20EF1C609192CE4D11	1	1784202526
system_rst_ps7_0_50M_0	MANAGED_OOC_RUN_AND_BD_EXPORT	D:/FPGA_Learn/laser_tx/laser_tx.runs/system_rst_ps7_0_50M_0_synth_1/system_rst_ps7_0_50M_0.dcp	D:/FPGA_Learn/laser_tx/laser_tx.gen/sources_1/bd/system/ip/system_rst_ps7_0_50M_0/system_rst_ps7_0_50M_0.dcp	2E52D5A7580B045383CC049B9A22266B6A3526E0570D46EC2D641D81FB650244	2E52D5A7580B045383CC049B9A22266B6A3526E0570D46EC2D641D81FB650244	1	1784202184
system_ila_laser_axi_cfg_0	MANAGED_OOC_RUN_AND_BD_EXPORT	D:/FPGA_Learn/laser_tx/laser_tx.runs/system_ila_laser_axi_cfg_0_synth_1/system_ila_laser_axi_cfg_0.dcp	D:/FPGA_Learn/laser_tx/laser_tx.gen/sources_1/bd/system/ip/system_ila_laser_axi_cfg_0/system_ila_laser_axi_cfg_0.dcp	A1E841A7A52227557A2EA9830FA246033ADABFB17A2AAF11EFE6E425FAC64490	A1E841A7A52227557A2EA9830FA246033ADABFB17A2AAF11EFE6E425FAC64490	1	1784202386
system_ila_laser_tx_0	MANAGED_OOC_RUN_AND_BD_EXPORT	D:/FPGA_Learn/laser_tx/laser_tx.runs/system_ila_laser_tx_0_synth_1/system_ila_laser_tx_0.dcp	D:/FPGA_Learn/laser_tx/laser_tx.gen/sources_1/bd/system/ip/system_ila_laser_tx_0/system_ila_laser_tx_0.dcp	24DFAC7C7947D0DF452A3FEE97BDA4A1771D1FDC261024BA0287E9AF6509A391	24DFAC7C7947D0DF452A3FEE97BDA4A1771D1FDC261024BA0287E9AF6509A391	1	1784202347
system_axi_gpio_gt_status_0	MANAGED_OOC_RUN_AND_BD_EXPORT	D:/FPGA_Learn/laser_tx/laser_tx.runs/system_axi_gpio_gt_status_0_synth_1/system_axi_gpio_gt_status_0.dcp	D:/FPGA_Learn/laser_tx/laser_tx.gen/sources_1/bd/system/ip/system_axi_gpio_gt_status_0/system_axi_gpio_gt_status_0.dcp	FD9092354B7BD3FB0ACAE4CDFFB4FA7C08D346F07C1D22D5C530D69444839C55	FD9092354B7BD3FB0ACAE4CDFFB4FA7C08D346F07C1D22D5C530D69444839C55	1	1784202271
system_axi_gpio_ad9528_measure_0	MANAGED_OOC_RUN_AND_BD_EXPORT	D:/FPGA_Learn/laser_tx/laser_tx.runs/system_axi_gpio_ad9528_measure_0_synth_1/system_axi_gpio_ad9528_measure_0.dcp	D:/FPGA_Learn/laser_tx/laser_tx.gen/sources_1/bd/system/ip/system_axi_gpio_ad9528_measure_0/system_axi_gpio_ad9528_measure_0.dcp	3EF1ADE05E9CFDECFC482745E01B145B3B8C0E0239FCE1AB356A30F7C35C00EB	3EF1ADE05E9CFDECFC482745E01B145B3B8C0E0239FCE1AB356A30F7C35C00EB	1	1784202348
system_axi_gpio_dynamic_mailbox_0	MANAGED_OOC_RUN_AND_BD_EXPORT	D:/FPGA_Learn/laser_tx/laser_tx.runs/system_axi_gpio_dynamic_mailbox_0_synth_1/system_axi_gpio_dynamic_mailbox_0.dcp	D:/FPGA_Learn/laser_tx/laser_tx.gen/sources_1/bd/system/ip/system_axi_gpio_dynamic_mailbox_0/system_axi_gpio_dynamic_mailbox_0.dcp	4A6419F6F233211432520A9BF054E2ABADBF2B56394B7906FA373FF3B94877E8	4A6419F6F233211432520A9BF054E2ABADBF2B56394B7906FA373FF3B94877E8	1	1784202421
system_axi_bram_dyn_desc_0	MANAGED_OOC_RUN_AND_BD_EXPORT	D:/FPGA_Learn/laser_tx/laser_tx.runs/system_axi_bram_dyn_desc_0_synth_1/system_axi_bram_dyn_desc_0.dcp	D:/FPGA_Learn/laser_tx/laser_tx.gen/sources_1/bd/system/ip/system_axi_bram_dyn_desc_0/system_axi_bram_dyn_desc_0.dcp	D05AE272E522680D76DAEA531F9ECADB032C71B2519ADC00CF6A1D0BB3D9B911	D05AE272E522680D76DAEA531F9ECADB032C71B2519ADC00CF6A1D0BB3D9B911	1	1784202428
system_blk_mem_dyn_desc_0	MANAGED_OOC_RUN_AND_BD_EXPORT	D:/FPGA_Learn/laser_tx/laser_tx.runs/system_blk_mem_dyn_desc_0_synth_1/system_blk_mem_dyn_desc_0.dcp	D:/FPGA_Learn/laser_tx/laser_tx.gen/sources_1/bd/system/ip/system_blk_mem_dyn_desc_0/system_blk_mem_dyn_desc_0.dcp	08032E9618F0C7E0A02F7AD921B0C34C38E8D73CBEC02AF6ECE6C9DD4B8537ED	08032E9618F0C7E0A02F7AD921B0C34C38E8D73CBEC02AF6ECE6C9DD4B8537ED	1	1784202483
system_laser_tx_core_0_0	MANAGED_OOC_RUN_AND_BD_EXPORT	D:/FPGA_Learn/laser_tx/laser_tx.runs/system_laser_tx_core_0_0_synth_1/system_laser_tx_core_0_0.dcp	D:/FPGA_Learn/laser_tx/laser_tx.gen/sources_1/bd/system/ip/system_laser_tx_core_0_0/system_laser_tx_core_0_0.dcp	5ACD41821583902652BF85E3D1535B38543191F5724FE5F1CB2B1BC612AE13F1	5ACD41821583902652BF85E3D1535B38543191F5724FE5F1CB2B1BC612AE13F1	1	1784202543
